,metric,baseline,comparison,t_statistic,p_value,significant,baseline_mean,comparison_mean,improvement
Baseline_vs_Hybrid_rouge_l_f1,rouge_l_f1,Baseline,Hybrid,-0.30423722816240645,0.7642541533019546,False,0.15421020935599808,0.15897759009713466,0.004767380741136584
Baseline_vs_Hybrid_faithfulness,faithfulness,Baseline,Hybrid,0.26653500625145454,0.7926983821610477,False,0.29239787657340494,0.2808695621543919,-0.01152831441901303
Baseline_vs_Hybrid_latency_ms,latency_ms,Baseline,Hybrid,0.8578444925875078,0.4016703913082015,False,678.9454698562622,622.1601009368896,-56.78536891937256
Baseline_vs_Reranker_latency_ms,latency_ms,Baseline,Reranker,-1.1727387734896175,0.2553946096374633,False,678.9454698562622,3563.9440655708313,2884.998595714569
Baseline_vs_Query Decomposition_rouge_l_f1,rouge_l_f1,Baseline,Query Decomposition,-0.14309806177337775,0.8877194333359163,False,0.15421020935599808,0.15562054850212742,0.0014103391461293413
Baseline_vs_Query Decomposition_faithfulness,faithfulness,Baseline,Query Decomposition,-0.3005145486632706,0.7670482076509963,False,0.29239787657340494,0.3027736537198611,0.010375777146456155
Baseline_vs_Query Decomposition_latency_ms,latency_ms,Baseline,Query Decomposition,-14.49871455715833,9.992661823392113e-12,True,678.9454698562622,2262.1247053146362,1583.179235458374
